nombre_archivo,tipo,fecha,codigo_participante,duracion,codec,tamano_bytes,hash_SHA256
evidencias_restringidas.part01.rar,evidencia_restringida,,,23068672,994BE33EBE593020942FE048FA37FAC6A7E4D926EC34A7A7F96A0FA32E436030
evidencias_restringidas.part02.rar,evidencia_restringida,,,23068672,89652B40282265FF055A3A1734FCC21A817F0DE2292DD14FAFD8324AF5A9A40D
evidencias_restringidas.part03.rar,evidencia_restringida,,,23068672,4AC79D0F3D6EA4299AC9C8E01351DEE879237223E27290E23E5C56732DEBA9B5
evidencias_restringidas.part04.rar,evidencia_restringida,,,23068672,BC1EB93E5325C305BDBE61F8F63FD875019EE5174D61E4316BA07461DF227A34
evidencias_restringidas.part05.rar,evidencia_restringida,,,23068672,4C430CA0C4A4248F47733712ED505BA64483C779CA139D7AD8150914A5D39FFF
evidencias_restringidas.part06.rar,evidencia_restringida,,,23068672,1DA9A8B72582EBEA11C87E4831DEC1623B277493CFA8465DDC5D5416F043633A
evidencias_restringidas.part07.rar,evidencia_restringida,,,23068672,F3E04601EF416DD2DDA168C7E2CCCF042609749DFECDAEC99F445B84047E9EEC
evidencias_restringidas.part08.rar,evidencia_restringida,,,23068672,8B4A747F7878BAA339441F221FF41EEA7BAD66E0FD3B78EE4BB4B2F741128EBB
evidencias_restringidas.part09.rar,evidencia_restringida,,,23068672,E69D4C1D8230511C4D795763F37A2A590E60A196B72F540A43F1C2FE4EA58D9F
evidencias_restringidas.part10.rar,evidencia_restringida,,,23068672,4F03A63488180E56B6B2A6FD9EE3FB52866AE8493784945E9696299C40C5D2E5
evidencias_restringidas.part11.rar,evidencia_restringida,,,23068672,9BDA566B93E1136CDBB0574C8DFEE1311E408C1DA4B8CA7B401A25A6FB42F463
evidencias_restringidas.part12.rar,evidencia_restringida,,,23068672,4E5A1E4CCD7C826E13DB40AE6F547E9B383FC848531E68B41661BB61FB6F9236
evidencias_restringidas.part13.rar,evidencia_restringida,,,23068672,91BF9530231453A2A7441C2662E51A09D3A4CD67DB93A3B04DF59D0C57C650D5
evidencias_restringidas.part14.rar,evidencia_restringida,,,23068672,313A0836CA493A419ADFC04B2BD4407D2B7F2CBF205E092B1C35A16BEB7BB32A
evidencias_restringidas.part15.rar,evidencia_restringida,,,23068672,918B7902A4CD60E5377513EF59D2ECCDAD84E9C1F7E99938DD767903CD1F7915
evidencias_restringidas.part16.rar,evidencia_restringida,,,23068672,065CE2A349E42AAB2D158C196ED6ED07AE41FE644C4ED57EFBDC80E0B845E6A1
evidencias_restringidas.part17.rar,evidencia_restringida,,,23068672,A91F8269A5076F81CCA9519D729EAE9E1D259F778008E1461CF664E794A80F7F
evidencias_restringidas.part18.rar,evidencia_restringida,,,23068672,2F5626ABB0FC14CAA7CE047AB5187D1C824E7A49CDA73AC2545F0D46E9125CFC
evidencias_restringidas.part19.rar,evidencia_restringida,,,23068672,66C43A747D3224C116F9B8430B86262B754417A0B9BE32124F99A271F318B17D
evidencias_restringidas.part20.rar,evidencia_restringida,,,23068672,BFA583CEE8385A282B9D9A79DDA17BAB4231BDA6235990720803148ACC8C22C1
evidencias_restringidas.part21.rar,evidencia_restringida,,,23068672,EAD92BAED8750A151D6CF535BC827BAB4349B540D89A04520E3A375443DE8FD1
evidencias_restringidas.part22.rar,evidencia_restringida,,,23068672,DFA773B66FF0FB128DF2A93C66716984D6FEA9D9B03DB023292E5AE88B50D35C
evidencias_restringidas.part23.rar,evidencia_restringida,,,23068672,83F7098D9D9DB8C7A5611AE3F9CE30607E958D6164D0276DE185F5965E4B450E
evidencias_restringidas.part24.rar,evidencia_restringida,,,10404850,4196EC84E2BE19AECFB20F287A7D9A54E19D6002D3DFD2A46256863837698FA3
2026-06-20_Administrador_ENTR-01_Consentimiento.jpeg,consentimiento,2026-06-20,ENTR-01,242185,B1E8ED7BD0BB0B80663A7FA5BB2FEF402F2BA6DD9F8BEDEBADBB6FA561596C51
2026-06-21_Jornalero_ENTR-02_Consentimiento.jpeg,consentimiento,2026-06-21,ENTR-02,231339,48EC1AB061BC4999D91784278E723E8F5EE427D1B407EA854965811FF83A8F15
2026-06-23_Jornalera_ENTR-03_Consentimiento.jpeg,consentimiento,2026-06-23,ENTR-03,209915,9767EB5534FF3C1E30961CB3D96F4FA4429411E75814A49B70AE82D7510B3944
2026-06-24_Trabajador_ENTR-04_Consentimiento.jpeg,consentimiento,2026-06-24,ENTR-04,220141,A4EBAAB0D1CF09987DBAA9B256C072BF4ED35A748722988A8781D6C706687437
2026-06-25_Tecnico_ENTR-05_Consentimiento.jpeg,consentimiento,2026-06-25,ENTR-05,196324,8C3533F3D0129198C058AA723416E8CB85728066B44ED6C41C9B336036BD7632
2026-06-25_Tecnico_ENTR-06_Consentimiento.jpeg,consentimiento,2026-06-25,ENTR-06,209363,664EEC0EFF7E08BB6260ED03CE9EC6FA7E508A5127370C4208337924164F8784
2026-08-23_Jornalero_ENTR-11_Consentimiento.png,consentimiento,2026-08-23,ENTR-11,157171,F40EC2EC4589D6FFA70F7F39FB0B1B88EBF3DAB322583CC2070883BBA9ED080C
2026-08-23_Jornalero_ENTR-12_Consentimiento.png,consentimiento,2026-08-23,ENTR-12,154134,407978415D3417EB937DA79CEBDFEDA8A8540AC42101A9FEE1EBD58DA53BE6D2
2026-08-28_Jornalero_ENTR-13_Consentimiento.png,consentimiento,2026-08-28,ENTR-13,154564,AA4D51648E200D1B7E02BD931ABD45C1FF1A46143D9DFD061B223D0D706A8666
2026-08-28_Jornalero_ENTR-14_Consentimiento.png,consentimiento,2026-08-28,ENTR-14,156141,AF27092D60AA18FA3E0529D26F3F8CF46D85EF438BE12C1AB98243D7120D8D79
2026-08-28_Jornalero_ENTR-15_Consentimiento.png,consentimiento,2026-08-28,ENTR-15,157903,DFDA949D7B043DD37B9330B74B6DFB8D87974EE24903CE7D6EA9503E8F4A314E
2026-08-29_Jornalera_ENTR-08_Consentimiento.jpeg,consentimiento,2026-08-29,ENTR-08,204653,541059C4BC4CE2B7604C0612FAB6B8B980836297DE434B569B9AA42D6B2EB19B
2026-08-29_Jornalero_ENTR-09_Consentimiento.jpeg,consentimiento,2026-08-29,ENTR-09,191043,BE6885D5DCB979F5B2344EE6B3D0DDAD6CECD47B4A827246C7AE6E8713D90333
2026-08-29_Tecnica_ENTR-16_Consentimiento.jpeg,consentimiento,2026-08-29,ENTR-16,187199,F9033272632952951BADC7BCAB4B374F76332B6A9345C9DB95DB9AD997AF8AB2
2026-08-29_Tecnico_ENTR-07_Consentimiento.jpeg,consentimiento,2026-08-29,ENTR-07,175898,CE2C6C8EE202C9A83A458E77971FB61AC28E720F0E329A4489F8CE3D39937C54
2026-08-29_Tecnico_ENTR-17_Consentimiento.jpeg,consentimiento,2026-08-29,ENTR-17,177440,958A1C4E4C243583F7FF6DD8766BC8A2FEADA26D8C878BBFACCB3E11EEB7C2D7
2026-06-29_area_cultivos.jpg,foto_entorno,2026-06-29,,262077,0158AF4561169AA4478F9587CDCCF2C1B8ABD3B76DEC16A9AFFCA11EA7FFC63E
2026-07-01_cultivos_de_verde_y_cacao.jpg,foto_entorno,2026-07-01,,322111,306988A5BD7C536CFF9EE0AAB664E6DDFD10F72F44038D7D5EB51D8753BF5BB8
2026-07-01_cultivos_de_verde_y_cacao2.jpg,foto_entorno,2026-07-01,,232923,F44E9FE1E438CAE2122E66FA35B41DF367FBD2112D7E3D59BB06086491D9834F
2026-07-03_cosecha_de_cacao.jpg,foto_entorno,2026-07-03,,422910,DE60BB6B273B1063E04B4D6EB0F72D602D028B8DDD35242DAEF1E9D0543AA31F
2026-07-09_fumigacion_de_area.jpg,foto_entorno,2026-07-09,,215934,CDEFC85D47FA92D73D5BDB2B43C49279BA9A16A47B10524DAADFC6A90671439E
2026-07-10_parcela_cacao_01.png,foto_entorno,2026-07-10,,1168216,06001FC24A0B89DB7BB467F8615F88002B5E4747DE4E8317622FB2D90E37EF3D
2026-07-10_parcela_verde_01.jpg,foto_entorno,2026-07-10,,341256,453A099698CB9FD73B0069DD3320881736EF086A9F2D81F1CC0CC57BBF86C781
2026-07-11_aplicacion_fertilizante.png,foto_entorno,2026-07-11,,755926,BA189138C58554F2CB96476F1D6073C92E5CDEC85EEBA1627F08F4BA8E2A80F2
2026-07-11_plantas_de_cacao_en_crecimiento.jpg,foto_entorno,2026-07-11,,355136,7868E6E8C57F21E3FBB492855BCA2D640891B7423D926D2FFFB00FC84B7DC098
2026-07-11_revision_cultivos.png,foto_entorno,2026-07-11,,773532,119C69829F3D74B515CDB71EA9A06DFA52B4CBAF6FA46FBECDE519A208D52715
2026-07-12_control_plagas.png,foto_entorno,2026-07-12,,1175250,382EFECAE2763D238FFE3D95711DFBAD3765DEF1B6D75C4A0ED48E666E142964
2026-07-13_elaboracion_de_coronas.jpg,foto_entorno,2026-07-13,,550898,8DD5FF72F2C6B165246AF7F39D643F9667CA4B2C2B8513169C822B45BDE21DAE
2026-07-13_parcela_cacao_02.png,foto_entorno,2026-07-13,,1095844,C96B33467F8533612AEA502E79C2B3A0C694D91B31BB39D186C02F8355C9AC05
2026-07-15_crecimiento_del_verde.jpg,foto_entorno,2026-07-15,,486659,FBE5421870BAF486A5779CEBBE4029FC93FD6FBDEF3180C2A67B839DBD8A0DEF
2026-07-15_proceso_de_siembra_de_verde.jpg,foto_entorno,2026-07-15,,425008,978FFF5952FEDC31E0A7268CD68B3E1AC5DAEE721DBBF09EEAAB1759499883E2
2026-07-16_fumigacion.jpg,foto_entorno,2026-07-16,,364883,B743729B96E9D26BC2EEB804AAC49B193215D924B78AECA92AB5992A3F68B8E5
2026-07-25_plantas_de_cacao.jpg,foto_entorno,2026-07-25,,161984,32BCCA64B58C8BD14000813ED69BE602DA932400AAF6C5EA19B5C490EE540ECD
